ID,Predicted price
4567,162305.75
5925,116893.48
960,135260.73
3848,136257.84
746,172605.06
868,384278.61
672,104184.87
2471,207866.19
4510,124246.79
8354,230684.36
6393,176155.54
13270,227999.96
5250,304125.85
16751,168046.62
11404,138909.81
10588,336695.04
14925,183247.84
6791,231094.56
16097,199575.72
16428,370088.55
6945,357289.51
3190,185026.66
15709,472092.01
13155,166497.0
7675,207632.22
14686,244956.99
609,155540.26
11155,166743.72
10869,208537.69
15742,185961.65
9245,197145.22
3340,174474.97
2359,277553.01
8070,203972.11
13707,123393.57
16079,302018.97
15937,292120.83
14090,167114.2
9008,209153.01
16384,181018.09
11657,252895.11
13151,159992.49
8990,189175.6
11857,191352.13
1565,159667.78
8174,116093.59
9247,239952.53
10478,213258.92
15509,147762.36
8306,191353.13
6642,188852.39
7472,217110.38
15989,125999.46
13682,117770.76
163,255416.68
7076,178170.24
7478,308334.49
3029,192594.71
1814,151268.99
10057,131183.14
15100,187796.29
12694,236944.45
6291,171834.67
12603,221346.93
3218,243593.32
13456,126876.46
10170,228017.8
4530,151504.08
13329,183443.36
4820,142292.3
10896,166802.63
13416,109276.98
2701,245343.06
11265,333954.67
9189,255228.45
1858,181317.57
14536,237687.08
6199,303371.24
14730,154071.07
7510,255338.86
15505,165878.2
7446,188488.69
14016,188059.35
14113,103943.26
8721,302748.17
6193,307471.54
5717,182406.96
5427,302090.75
9520,523745.24
6869,104586.91
1658,142855.37
6639,193681.59
6283,191748.69
6257,125209.28
15235,175245.27
902,230450.35
8932,197367.63
16469,301628.0
2825,251365.74
6450,408784.42
11366,182276.9
3801,336633.51
11385,200847.29
1079,210179.82
3202,267919.97
676,215404.52
6185,262833.08
7730,164879.49
2573,184088.3
10978,208558.05
10962,252299.7
8870,207414.79
8496,183248.38
5517,176269.69
927,187285.58
13675,203133.65
1499,245101.69
15536,328295.01
8602,321084.24
12137,426028.95
9865,251552.39
16353,289179.1
15908,226268.22
3944,184507.79
10359,209539.15
15158,230071.37
3259,250355.54
7220,325181.02
13843,217825.46
16736,177881.39
702,254865.28
16401,87650.09
12134,177403.35
6918,190390.31
11792,151420.85
3798,142121.98
10395,127493.31
11099,115681.71
7090,183745.38
11260,196710.27
9647,206099.87
2903,380959.53
2071,181877.12
8604,188726.11
9346,198906.14
3945,206601.83
3420,142014.09
10842,124968.25
725,154537.66
13931,198058.71
16330,250066.93
9066,414107.73
3326,302698.21
1556,273123.0
6579,102947.46
13877,146497.46
9857,325202.94
7302,271486.53
5684,187659.06
6513,219699.69
11342,113235.79
16561,231976.87
6885,185520.43
9308,182899.1
2559,149390.03
6648,179909.71
15260,169186.5
5113,179458.68
16492,197499.68
12034,280516.37
7248,205349.51
2171,213252.47
10594,172971.54
13241,170653.73
7032,146879.99
4884,161919.58
903,243034.13
162,159693.05
6566,226770.31
8249,128417.54
13106,203473.57
256,123257.67
7976,165409.08
8575,176645.33
7591,298242.7
3204,240086.82
15804,180329.01
1525,299371.36
9038,211101.62
13628,193698.6
10016,204464.87
10208,232643.26
2008,189260.2
13029,204589.38
5099,126428.93
9923,292928.32
9461,143884.62
11086,182260.08
15057,253835.65
10689,163333.45
2053,233953.89
16630,166451.19
4985,159788.4
13881,281889.55
13225,198924.68
5779,66596.19
10262,189682.2
10762,237727.58
9513,194971.5
11128,149321.17
2074,316905.11
933,211337.31
2780,179263.62
6594,112202.84
15394,338017.96
14863,128581.2
6698,216279.21
1611,272747.36
174,191528.45
5160,216218.75
3295,332199.83
4559,368389.3
8254,181445.73
10228,100913.66
13924,130885.62
15341,247181.09
4353,186794.38
4334,71645.68
1872,165666.77
7823,181225.06
310,147951.88
3704,238405.34
11615,266714.91
6605,196233.35
3381,186856.89
2143,137255.51
3191,266663.7
13980,136398.67
15613,168202.9
10943,292207.4
9654,177410.9
16053,501235.74
14931,219506.37
8299,220416.68
2147,170229.94
11567,462921.47
5905,134401.69
11160,109514.17
8275,143273.34
16398,302373.73
11229,179906.22
10309,168988.24
7340,280197.73
7653,176379.28
272,189122.59
9831,241644.1
5016,156534.6
5968,67912.13
796,224878.98
12123,137194.53
16629,191207.07
2637,176130.04
6194,230670.83
6216,388711.71
14346,160568.37
6428,132435.42
2891,236171.27
84,177040.7
9260,207792.04
15250,140311.47
2348,183276.61
10427,274747.24
13230,252365.96
1691,173684.04
8803,124308.06
5464,233776.79
10559,116188.97
16787,300231.6
4278,168489.17
6183,167504.06
12775,168273.42
10104,169859.28
13663,177962.03
9404,252683.16
14724,200757.36
10040,170505.91
4646,195049.51
4754,150535.3
3310,220922.64
2003,185196.35
7312,259725.87
10921,218496.4
13419,285854.12
10105,168987.07
2196,406986.37
12659,241230.43
4380,241655.2
10847,149617.76
10805,281085.03
8709,93357.04
8319,182481.96
2215,183985.69
7000,200283.11
7701,103076.26
9678,195852.35
14026,192527.32
7971,167387.78
13734,141170.37
16483,192333.36
6150,211394.81
2931,284208.98
5418,187510.67
1662,533888.43
2441,215475.38
669,144614.96
7734,172969.48
6010,255391.69
266,146322.14
632,143050.06
16221,102684.94
11832,175972.04
5035,111763.74
37,112092.92
6168,191702.22
11757,185618.43
8086,126192.45
6529,218601.88
15121,179252.53
13904,141914.56
3711,165631.54
16563,126941.39
14494,182692.02
3006,227495.08
15299,132853.23
92,283236.65
8066,170706.6
16071,209147.94
10662,124886.9
3883,221674.57
5511,123388.69
2821,283598.14
9570,189020.81
4326,255426.93
9251,245206.5
9031,203585.22
12689,173248.41
16380,279159.32
1053,242078.29
4568,146690.01
16140,116012.64
14356,409013.43
8466,181331.5
15652,138509.28
3285,118004.77
3198,165005.65
14088,383188.54
2268,127240.91
15472,236436.23
1203,223896.65
7157,353633.15
6886,186492.12
5083,257291.16
7467,114968.8
14068,198941.13
2080,171378.79
10865,159817.64
13516,179017.09
14150,213900.07
7609,108809.23
2144,375942.75
10357,206364.56
2396,268687.36
1526,286212.25
10890,259857.76
8638,469885.62
6050,224479.93
7639,104325.37
10544,190418.87
9577,264270.87
13195,209915.54
3484,212087.28
16668,464433.66
7171,183052.93
8547,207199.19
12735,210530.78
9093,202201.04
15323,315353.54
14897,145839.79
5135,140857.35
5327,232506.97
13133,266998.6
1676,272713.84
16296,294849.81
1095,139855.12
12528,152765.57
7348,271584.73
11663,167651.53
1803,218908.65
1510,230094.8
16045,201316.27
2900,149374.69
3236,180037.43
1318,217902.64
14948,223273.58
7840,290872.81
15325,174040.57
8700,153524.48
15706,194823.47
14449,154047.94
16117,183779.85
4529,186436.17
11199,191613.01
4052,334410.87
821,216558.93
68,274347.14
554,101144.36
452,195183.1
11394,320224.4
11393,163034.71
9535,167848.68
4024,184894.22
10069,208706.02
12007,151722.38
12368,388174.32
1259,366557.48
1124,332682.61
3707,190406.31
8767,169988.85
1919,160676.08
16741,153848.58
6664,292099.1
5688,344972.49
7799,146682.04
14843,339548.33
7532,172986.94
8133,151166.5
6264,324997.76
4125,166910.22
2410,168260.88
13607,203302.38
1716,268009.94
1370,141593.05
2273,370938.6
15298,341702.31
4284,253178.7
12303,141731.89
7808,137517.95
2203,148960.9
7237,129572.72
15864,150591.52
2844,157017.31
5729,159417.95
11812,390597.15
1779,157078.06
6442,137295.78
6160,205585.42
8266,210019.37
9903,160864.44
2867,140715.07
6998,179988.21
13932,178639.09
12587,163856.44
3611,252351.2
2646,277209.47
1890,162992.48
860,248595.8
14187,197877.59
12569,274742.25
1276,85789.18
12025,225485.36
4890,319976.15
14410,266752.92
10352,237354.32
11407,187548.04
10384,169276.34
7622,261270.38
12578,161344.15
15820,183638.8
563,196021.01
15226,173773.36
6396,210563.18
6247,146670.66
3339,147554.54
10975,269138.55
7475,107381.98
11129,253346.2
3051,265955.15
10232,237628.4
14106,190192.9
5502,234597.77
4558,69543.93
4181,144161.11
8426,126767.93
6611,144150.84
14641,134186.8
15539,275923.35
13119,137490.9
11716,182985.79
7316,240352.67
7791,109113.16
13034,272420.43
1068,287029.7
4060,165539.38
10172,228098.71
2591,195752.01
12494,326708.02
7828,319566.99
15284,170458.27
7947,169510.93
16335,224732.25
10234,343607.61
2797,254654.43
5341,225320.76
3059,296376.38
1559,72319.48
15320,260717.82
10284,384898.32
4134,224053.02
4481,231205.18
7222,173125.09
4062,229726.44
2192,153238.4
9637,180675.09
16236,170550.23
4272,165580.62
9406,288535.77
14309,223888.54
1946,276756.32
16235,242649.44
7146,172003.62
16784,206554.42
349,324040.02
6251,173935.28
5128,336749.0
11718,176656.86
16721,82017.38
12517,183011.1
15961,197698.64
9428,152302.72
14541,140385.87
10168,110228.41
11270,168087.24
13210,194698.52
11518,163165.66
12612,149833.06
16352,109993.29
9935,172130.47
15521,302776.26
11482,185697.87
11443,160077.55
9459,244542.62
9218,197140.24
854,137109.05
5619,138139.66
9208,168665.78
4391,164969.4
15207,156437.13
7183,190691.27
16442,220525.58
7936,96385.38
10606,312527.85
4979,159370.33
4854,267705.97
16476,121996.75
10516,159468.89
16261,295838.77
90,365366.67
5433,184480.36
14338,139118.34
13487,199738.27
8211,457387.21
170,174195.72
14051,97240.99
10686,188692.41
7595,318887.19
6777,319804.05
14661,178960.89
13991,320323.43
16795,175629.09
2740,141642.02
7368,307372.48
2413,252514.81
1852,487405.74
15200,286124.96
8467,303912.24
16379,277705.85
3375,173382.55
5945,411021.54
2641,190461.73
2837,316460.03
3498,217731.83
10876,156283.02
1285,209238.82
9285,241443.37
4015,356352.84
2526,188109.31
7814,191258.66
7117,248402.65
12359,125338.8
3303,322920.75
13874,180826.99
5484,198084.66
15067,156671.53
12639,227397.4
3388,221318.63
4256,205707.81
15738,191431.71
14049,159677.89
15780,191261.46
9564,174887.64
11910,215653.15
11315,199652.0
1733,141249.3
3910,311483.13
7552,533403.1
254,194077.6
5222,192793.58
8314,238581.7
16743,253758.42
10335,100255.85
8226,285602.09
12254,228054.84
13152,201771.96
15020,208885.15
16349,214512.25
11924,156715.34
12543,187723.65
14114,225344.91
12318,260677.52
15383,180399.08
6679,199932.82
635,179996.31
15993,278068.15
11375,173138.28
11216,182153.91
15401,216804.78
11301,149245.51
13804,256967.15
10839,195289.26
1588,356936.14
3596,200698.89
5816,171721.99
8099,149622.48
6551,202930.7
14075,364980.12
13431,210143.58
9481,325407.5
5295,153584.53
15859,340660.97
10634,342190.22
444,223278.74
11686,253654.68
1213,212641.47
13970,180214.98
6849,430394.4
9911,251472.66
5649,156111.69
7184,154490.94
5877,295880.87
1655,291929.9
15301,211713.05
12389,239993.59
5241,275543.54
7048,171814.98
10574,132992.64
8593,160901.81
4752,178847.93
14663,165717.16
10994,200786.24
87,84992.34
5132,125339.59
6372,363717.43
7411,299091.1
3319,237865.23
9355,126885.95
5139,260927.57
56,285000.17
3249,181936.21
5047,80672.38
13238,337033.33
2190,226633.65
15599,177450.34
6542,151738.5
1968,164036.32
5630,150097.79
9157,234041.86
789,187560.79
1413,269857.77
12514,258877.86
13459,146042.42
1345,256400.02
4034,209947.67
15169,140120.67
6770,249720.13
3334,202055.55
12998,168066.72
15870,227932.14
1871,165258.63
5770,157083.55
13196,105508.01
7633,206766.57
10699,201461.33
15470,200002.08
1903,535342.84
13860,240169.13
7649,149161.34
11043,199982.19
2922,215920.12
7538,260989.71
9477,117011.01
117,430705.05
1457,228892.85
7082,164363.13
3053,261665.89
12522,111982.62
5744,494110.96
13566,386633.36
1464,141404.13
3852,120999.65
9557,223980.46
14719,392743.3
13978,139836.99
3286,151451.62
13019,371102.34
1421,117124.2
13502,170571.48
14811,126158.3
9297,237672.67
7749,427268.91
16555,138261.7
14576,179827.45
12766,168873.79
4679,153428.65
10033,194510.75
11231,255188.86
15112,166009.85
10617,181878.18
2175,171101.53
16502,478992.21
10106,191051.51
12561,148693.47
15907,315908.47
8069,113226.24
8316,128687.49
12343,244206.65
12092,128061.63
1527,181708.94
10010,220890.27
655,103128.55
10549,131705.66
3248,124887.92
13499,341504.86
14959,198645.85
6070,158856.47
11360,206031.21
12102,208199.26
11870,287180.6
3713,105048.71
3230,144850.63
7742,233864.11
15092,342010.13
8728,303756.6
3386,150794.28
9409,150727.37
16545,257624.87
3127,164812.52
11344,169440.34
2112,227754.89
7310,213909.98
6313,218155.31
3681,416779.82
5114,243332.33
270,142175.27
14350,179004.45
12223,359816.03
1066,151525.22
16116,412767.21
11410,523232.54
4088,157346.01
5956,218043.53
14669,143642.14
13871,138906.13
4126,257591.64
12114,185082.34
16607,168424.31
4266,219679.7
13518,201768.97
11856,268954.79
3885,251768.92
8891,166011.29
4964,175285.49
7696,161668.34
6894,120547.52
9766,180507.91
4800,157254.52
2840,193121.11
4743,183819.64
13562,517254.5
8301,193828.75
5405,183786.2
1535,167499.66
9073,125733.07
1698,346464.02
12262,240452.92
6794,177865.99
12701,192188.69
8432,182098.16
13540,133426.22
8629,151173.29
1440,183670.43
8596,206181.9
9575,262622.45
14976,106447.88
3149,219063.25
5157,149257.45
10748,177335.34
9719,343128.1
6376,185086.0
9733,164721.18
4749,211586.3
4994,389719.77
538,197081.76
5512,126278.0
9778,127487.59
9761,150021.48
3174,402963.34
13429,187667.68
10467,68446.77
14129,186778.68
13608,216969.9
11106,137857.27
12048,173049.12
1054,354251.88
3582,228699.71
1566,146625.76
11529,144563.87
11859,154606.72
10582,151528.78
14907,408870.5
14039,168168.89
10489,152063.13
3331,330668.19
10153,249316.7
5271,164811.41
11871,387003.86
776,131534.1
3994,134430.89
9433,70500.82
14275,151324.35
8030,222260.47
8169,289049.41
8053,189253.61
4822,232807.01
13197,200986.24
13634,260348.92
8951,182527.35
12176,245559.4
15471,143552.56
14962,158051.89
12512,128609.28
8697,510983.26
7095,240727.94
13639,190048.92
16660,188257.26
5848,150818.98
5386,168651.94
10880,297113.3
3954,178773.74
13426,279431.11
5966,220855.47
16315,262983.9
7455,185588.62
11071,238274.08
14740,223488.45
16087,177374.81
8931,249067.02
15289,157828.96
16089,265042.11
12128,184245.43
4724,199802.86
8585,207905.56
7188,227964.7
5423,157472.87
10488,195628.52
5980,204854.81
8376,239344.79
12397,137312.39
16496,210679.1
4891,254364.23
9710,131384.42
6339,170417.61
244,230224.91
5002,227723.12
5358,169487.66
7636,149138.44
9361,290526.68
3601,129172.5
15755,155129.82
172,187365.63
3037,349216.1
577,234532.77
3607,197593.15
2515,111360.1
10413,143205.14
10511,221367.62
4637,417581.65
12736,242633.34
9534,234700.01
11641,163176.8
10419,282038.65
15313,135970.81
14915,216313.4
12409,368561.58
9405,132388.17
14066,202152.56
14108,193042.38
11931,232975.68
11464,327142.03
926,151213.79
11190,221050.93
10260,179585.72
12712,201842.24
1234,223817.77
11608,101732.18
3776,245598.28
4881,199140.84
10266,188031.64
3262,234315.01
3576,374834.42
16604,451959.42
8041,143300.94
10691,238974.03
8357,176724.35
11661,148965.49
4453,241347.41
15936,219493.29
8463,203647.3
15770,239729.64
466,163067.93
14965,92431.51
11227,169570.07
9894,274999.27
11746,208637.19
4118,152662.04
756,305132.83
15589,193300.74
109,367442.39
5778,225957.07
1731,84810.93
3450,141271.59
2961,188969.96
222,181050.51
11454,385817.64
7339,189049.19
12096,100668.92
14074,190024.78
4058,424265.73
6603,273594.08
3289,125711.93
16681,286180.09
8200,331172.28
3343,337298.42
7802,189001.75
2082,308194.69
217,245746.47
1720,181731.08
7224,230039.41
6176,144389.65
12571,258945.26
16666,286459.08
8908,205613.68
6914,163307.27
5428,184103.68
381,178827.39
3991,185030.47
16365,266061.5
1046,190368.15
391,154376.3
9212,301370.3
3022,181747.27
9961,108534.84
6764,333871.37
7720,178919.86
4809,226429.96
8877,313004.21
7817,190994.95
10614,113545.21
5553,247953.79
16488,136086.47
11002,173903.53
13592,251816.46
15050,206890.37
13553,262588.66
9041,187823.09
5461,387442.06
16274,355368.83
2138,112476.07
6245,169461.46
8245,151779.5
6491,214825.8
13218,196778.74
13101,101545.17
10462,146116.9
4079,179815.98
1506,458156.13
14107,128170.84
12215,280380.26
11576,303891.65
10567,203470.69
12713,223842.5
1468,469897.35
2549,261790.72
4172,209305.68
12380,240954.72
3513,98935.68
8165,268185.87
1127,203711.99
14601,361096.93
15526,329918.16
986,351760.13
14968,207264.68
9348,209171.75
6317,264467.82
7497,91922.19
5079,322053.04
528,174292.73
10964,147331.77
5812,315648.18
11022,213365.24
16251,132270.46
5863,112698.57
8664,219497.54
5396,138743.9
6917,259156.7
12776,125131.69
473,230701.05
13333,205271.33
13023,189151.54
7357,222375.63
10955,490630.85
11914,311050.48
12535,155111.12
11205,138960.15
13209,188441.92
16119,356488.02
2174,280136.53
4834,202367.04
10151,184276.36
5584,205982.06
6672,219038.82
12858,279116.85
5106,200738.81
8884,182324.59
13766,172474.7
12556,136700.76
12910,226310.55
6258,125478.13
7100,248961.56
1793,174609.61
3335,174017.74
12835,188049.0
10591,150612.67
15707,251382.15
16389,164301.35
7440,391338.9
6293,177151.88
3937,197519.35
16527,208893.18
5102,217940.87
10734,336181.09
7986,158492.36
6495,123965.49
9571,235316.12
5131,206557.47
10761,264638.77
143,435500.91
13829,173177.53
13662,236825.86
1771,149922.79
5448,193133.64
8594,161107.28
12038,253787.51
16471,144870.08
16764,149221.7
1282,159923.54
15101,270421.51
9473,136879.37
2324,463458.71
14448,232806.12
6000,69428.17
2077,141987.99
12960,239251.78
15837,216238.78
8805,237552.21
9987,232458.75
1580,404250.99
11089,127615.52
10926,226509.8
12773,443119.55
6490,293007.45
10858,125466.41
2831,108856.86
16326,147120.27
371,194412.8
8852,183481.79
6713,284543.06
4230,202212.86
3639,216742.38
3642,207645.54
5149,181544.33
2861,188124.06
13300,76037.88
2807,302341.63
5919,101269.32
12716,473895.33
4271,246303.63
16055,216349.5
3747,341812.43
5857,289717.32
6884,339238.35
16027,288629.58
3512,352430.67
5181,159304.93
16732,275676.97
1908,178842.76
12082,159002.3
7286,134068.57
8216,135063.63
6929,316732.4
3950,308685.88
12479,180984.87
877,142365.75
1366,190931.23
384,136773.56
5767,193056.54
6910,159975.61
187,206866.28
10164,313020.67
8603,215513.05
15834,204786.26
3078,125422.6
3479,262270.58
6671,232054.32
6078,179143.04
16271,145618.9
16191,167690.75
11544,195278.42
7781,185256.81
14918,291890.4
6238,183056.49
12989,219095.93
11907,196382.34
9696,147314.26
14084,293469.21
3895,145073.57
4367,178404.68
8453,67445.17
7638,340193.57
8373,239777.25
4674,189122.37
15787,150371.54
5903,250517.87
13679,197209.13
9018,374150.07
15823,265980.68
13289,150783.13
9896,194770.33
14436,188308.59
5547,251357.82
4048,392824.12
16579,206064.5
8550,196401.3
9385,301839.55
5242,160783.74
31,207501.22
6144,283790.05
3990,204720.59
2523,83733.27
12608,284691.85
7234,169331.45
15264,207666.3
9623,222923.61
3161,345107.54
7425,100049.5
13021,247804.85
4044,146769.32
15411,246270.99
979,301471.78
5514,246618.44
4817,168497.18
2115,187522.05
10571,259914.24
8992,230744.06
15546,192254.55
11359,134386.21
11972,159319.68
12838,165963.07
5948,128252.14
422,318188.74
4855,145842.88
16197,112421.28
8926,390419.01
5703,179586.5
8848,205584.61
7039,310260.04
3806,167697.76
15154,222794.95
13132,187313.25
7438,220198.8
4398,262560.28
2440,190536.74
3751,138349.53
1476,175724.12
2264,268673.38
16444,170915.88
10704,164228.06
4033,143728.33
4508,113211.51
16290,235992.26
10387,210611.11
5457,152326.21
4910,280732.35
7451,215036.09
10732,168925.81
8015,154707.03
6148,179940.33
5892,259667.64
7825,219954.42
6851,229472.47
6633,210658.96
2139,289480.84
10213,281109.94
2830,224959.48
13907,135440.82
15897,334300.77
8311,182118.82
14230,202718.0
3878,204701.06
13732,172150.97
12110,182454.83
10675,281831.58
12946,144048.33
16754,217568.67
4394,276645.57
16728,177414.92
14378,331112.51
9949,175885.83
994,176865.87
13258,152060.63
5883,379864.09
6933,313158.75
13193,200258.5
13286,174522.77
13407,373576.4
7512,123509.01
7221,196399.38
14428,152893.82
1740,202206.5
3,140254.98
12952,218097.66
11537,140136.37
2558,141261.88
14081,284455.21
3517,198519.96
7149,226179.19
15777,119991.8
8995,237466.26
826,288436.96
509,248048.25
14875,299111.51
6591,156239.24
11283,97746.95
9897,250238.82
14902,189602.33
14291,168192.86
3162,225967.05
4206,187024.42
11580,198339.15
2007,224289.23
14939,247275.47
13572,173960.16
10720,136995.22
4253,288175.43
10857,108699.61
6254,194977.67
14681,147523.12
8080,121114.81
8006,180358.92
13135,143667.68
4527,294584.23
12688,207084.26
15920,113627.29
16786,117898.03
16637,170558.48
949,158759.87
10696,291883.9
605,257642.04
10819,216902.55
9490,166537.85
1813,215666.14
15958,337409.18
10873,374427.46
14381,209546.22
5745,137526.4
286,326417.44
14799,285225.06
437,157720.42
12172,80809.99
8534,129009.75
14463,431583.9
13672,172287.2
6720,204990.13
16057,214403.69
2659,477327.2
11649,148265.32
4478,124995.62
555,320612.93
4819,269952.72
15188,308227.71
16115,197749.33
11427,118489.24
15483,161918.7
829,184167.77
13576,263743.83
13810,200439.08
1052,147519.76
10673,159579.61
8525,334107.17
13154,266988.69
13856,155142.39
5125,253900.18
5551,208825.24
14262,211430.12
8872,133181.75
10341,262777.17
7231,164905.5
10950,216674.67
4031,167380.38
13852,106722.66
5886,287921.05
859,322075.37
9436,182311.02
13638,311913.96
15337,209132.86
5506,255700.55
13550,105578.31
12630,153863.07
6466,128609.76
3282,140975.14
4474,155397.78
138,246401.05
15490,186432.16
11584,241083.06
13309,144561.68
8860,350790.41
14037,194732.23
1329,225317.15
2198,599302.5
1210,372794.19
10076,203862.33
6692,309968.3
6074,92243.37
13921,179522.53
1646,318475.55
11676,184345.38
683,109442.34
4839,122947.77
12392,154389.33
5206,194828.26
9104,329203.3
15554,180363.52
1590,196829.4
7894,326678.8
9286,149258.84
15364,330702.64
8260,262721.64
5746,119333.43
3357,232360.3
4755,181569.27
5896,123549.1
16520,199409.04
8880,234118.28
9321,215676.7
16463,155557.69
4861,169799.87
5687,242951.83
2785,352438.53
5571,249547.24
11070,458058.08
11577,217830.78
3993,160165.55
10908,234197.57
3696,205191.83
1755,136658.55
4053,190701.89
11954,260721.66
15294,179268.28
12452,194704.17
2202,141819.04
13564,237205.3
5134,236221.22
7447,125379.2
5929,137113.74
16714,187950.18
13005,268794.19
11740,221665.57
3535,176750.44
11837,235789.45
7382,170304.43
16709,241309.94
5908,233484.18
16333,219202.66
14776,244015.49
831,183532.77
5944,173925.93
1764,267157.21
5782,143874.36
7091,290924.34
7871,185481.93
10449,166608.85
15137,99549.89
2181,268482.59
8667,326805.71
4207,249517.14
3528,204285.94
5611,137194.98
5894,206426.49
14255,163920.11
16064,111296.25
5076,205072.71
3537,68008.4
6369,95341.84
1938,219765.91
11844,250890.72
7717,87368.6
3800,371221.14
6897,214643.06
255,247244.48
607,220784.68
6368,274659.87
15211,251995.41
13229,174954.55
6091,289221.32
14260,184317.66
15104,163566.58
7378,89021.16
12575,166323.89
137,169549.81
14572,219649.3
12530,174565.02
512,212980.23
7251,285348.0
4545,381073.89
14928,482157.74
3934,179607.45
12097,371521.8
10979,178584.6
16455,275321.59
4190,145407.48
7577,281832.11
11609,289727.98
2346,179034.09
7363,221050.64
13535,177205.3
9864,206495.89
16645,400903.73
2689,319488.7
5994,134393.82
14493,247601.36
7391,194251.1
13674,200777.49
7137,278364.47
5438,184846.88
10693,251160.38
9037,352355.64
14329,260958.4
11660,405731.31
9734,151669.81
12046,194048.34
11704,242110.99
7843,164490.7
3499,151340.59
16012,79791.31
15759,325185.34
10884,164538.8
9115,97058.62
4066,379545.75
12745,208538.57
9627,245872.67
12977,238298.79
7620,84920.38
11955,157102.01
271,190781.0
16091,264836.91
2193,401272.31
6190,155543.14
7071,186509.0
14320,104067.21
15578,154658.14
267,148612.97
1930,192056.55
7426,166542.28
13890,161012.45
4176,174555.14
5453,190829.88
5526,248555.24
8780,269040.07
10299,182612.38
959,413996.83
3458,118032.07
5363,407141.61
9281,146361.87
8076,201522.27
2492,278776.49
4746,137521.17
11380,228555.77
10881,195489.29
16392,197082.88
8071,167555.18
16740,123319.08
4846,219558.06
5299,316807.59
2046,241516.68
11623,238137.23
6539,138183.2
12234,244883.87
14240,146263.05
3443,135671.35
2127,253131.62
11259,141220.54
7889,117438.19
16655,232702.18
15790,136040.54
3686,130255.16
4392,156081.54
3103,232668.38
7047,190685.4
13014,340771.41
11269,344851.19
4304,415465.83
13513,177145.59
12969,85066.71
6966,221596.48
8883,116162.34
6064,201696.36
12341,200255.93
10107,305837.22
130,175769.86
2406,357888.64
6089,218926.17
316,106824.33
15812,219618.09
7053,390295.24
14691,300730.61
11881,159916.36
13503,177985.31
9569,197419.93
9846,334379.87
14415,182889.31
14873,208254.75
11180,314420.4
7256,185319.56
3721,192353.25
1211,213674.12
14887,200270.63
16220,410603.94
15451,180630.66
1602,196283.88
8917,386915.25
15595,111111.11
15242,181081.55
3957,246476.48
14923,78300.68
3087,170498.03
12959,497085.09
13631,155854.31
12704,296583.07
15197,173739.64
12599,178268.0
8761,198762.67
13013,144204.84
3464,206881.87
2366,163692.82
10845,167839.05
8092,193643.3
10528,215863.08
7132,174506.06
8958,173727.9
7959,106633.93
4847,226414.12
1477,367409.31
8264,350171.31
10048,143115.48
10492,265355.79
3859,388099.62
8676,430989.7
8146,262640.64
1619,282053.22
12609,101601.54
11001,193317.33
3644,222339.09
8362,285927.8
537,147286.56
1298,121148.05
1023,254416.97
8659,209241.09
11538,212841.41
16036,160933.73
2392,344919.66
12099,371387.17
12935,149245.56
1050,123087.65
3068,228377.94
2083,158183.97
7652,266298.08
8696,230149.98
11183,393869.58
11386,151228.26
10752,411014.7
3371,320654.19
4149,165819.03
16775,184899.17
12187,200285.64
14421,229606.39
13693,219074.41
6560,235403.34
3497,198569.63
3396,119810.15
1223,201985.42
14796,170447.55
16190,283689.4
6060,236651.75
10111,187811.69
10983,164613.82
11228,169089.73
13208,267955.4
525,499404.64
6923,165019.96
6785,170300.04
3731,250376.41
16577,253533.52
6518,203590.55
6610,179819.38
5509,132948.4
9942,329320.4
10148,258891.21
5351,132324.53
11029,134903.84
6561,140941.91
10056,147910.05
13913,167660.94
1906,161767.14
5081,168742.69
6341,307616.61
1859,177817.84
3336,240956.59
14163,149002.06
6204,352662.76
13285,195193.5
11492,215966.07
14596,109120.19
4696,362010.15
4771,264703.19
11296,134562.09
5851,148170.44
2850,192083.32
10011,162267.43
5988,167464.46
2316,70132.08
3211,190615.01
13525,156151.27
6383,129659.91
1420,399032.75
11748,222231.83
4222,245302.56
8363,216714.1
4412,241592.44
14384,149377.01
9844,162295.97
9315,222819.74
11604,214186.0
10644,224318.51
12995,184090.51
16615,363307.05
1959,218423.27
14562,205446.1
11934,203957.53
8494,186803.65
4255,219588.45
13000,185269.55
2461,359315.79
13661,199651.98
2886,224811.61
519,217996.25
5440,178768.46
10353,163655.35
12305,186887.14
2983,209630.38
12032,194488.55
743,274909.28
8250,120289.14
7890,169299.79
4722,358313.59
15358,205719.39
4183,190751.87
3970,377280.26
303,231711.55
2207,256569.19
4022,170216.7
1132,189239.88
12278,182480.69
9280,143622.82
14940,368079.66
6413,152797.78
15213,339851.32
9656,196644.81
12036,285487.19
3151,173220.11
15530,185142.15
13263,123721.79
6750,179385.23
11488,360542.72
9532,173720.26
8462,200093.17
11494,318799.89
10270,120357.34
5476,105295.71
12486,377562.35
5501,107179.57
15871,338817.26
14733,204631.85
6103,229376.66
7911,202703.48
4359,286356.38
9595,189055.67
13851,261284.53
7854,193059.71
8684,179580.89
15239,245444.52
10012,211633.1
14995,350232.7
9791,162900.43
5567,227382.13
10883,188685.86
25,178812.36
939,167144.93
9919,176786.91
6321,237364.1
16767,348523.67
16464,120538.76
3170,166280.29
1522,136805.73
5138,337011.83
797,145742.57
14586,88984.84
2872,189787.25
4259,172817.07
16616,276218.72
16512,165957.64
9663,199171.95
245,216505.36
16369,222954.68
5254,448807.38
8672,143729.35
8004,291334.49
3109,260010.31
2588,342560.61
8814,335136.1
15888,144535.06
14668,116469.69
13432,449374.08
7981,72180.43
2048,226987.3
1667,160741.05
2349,92198.28
6136,198010.54
8166,169671.14
1709,336847.78
14649,178024.86
9187,239360.79
2927,184665.58
10220,140217.8
6331,409215.05
7044,174625.17
1736,140939.41
1840,106614.84
4852,303425.52
13311,157749.75
3330,178203.78
7004,276289.27
12472,180674.15
7664,171747.0
16537,192348.46
15032,428580.55
5325,241865.84
800,230494.79
1438,162382.37
3953,151999.11
7135,295489.97
10371,81987.4
709,138709.38
4836,244051.06
14709,245701.58
2216,351209.26
11948,227160.75
5221,212724.22
159,359389.95
15775,128724.61
4818,219473.99
10222,240737.84
9867,213953.6
11763,383218.72
511,157782.49
9337,178361.75
15529,298870.35
9134,175742.91
2759,124147.29
1458,151102.39
13261,216402.22
11772,150321.43
8107,274974.55
13847,192145.47
14414,413069.9
12833,80615.1
5282,291022.75
13760,225705.16
430,185165.52
12580,189046.35
10985,354682.09
14321,140726.14
15960,316911.3
4803,227069.75
6741,138230.94
4046,178377.13
5060,252141.03
9593,283018.4
8088,232018.07
13888,164147.63
12065,262984.64
13336,185666.05
2449,176937.39
7499,250283.67
11082,152543.79
211,121654.41
11469,153254.29
5452,132622.08
7732,181555.31
10080,201177.42
15088,147969.22
6112,207027.35
7903,238000.67
2249,221177.3
79,180318.04
13941,151142.69
6693,207540.98
1156,323994.9
3877,182305.06
2864,167774.35
4519,142874.31
4712,165080.37
4642,178050.72
4766,217156.62
2429,303440.54
12013,230795.3
12309,233398.28
5505,124991.77
13711,181794.66
10483,323182.67
1648,231913.54
9391,201482.34
699,241034.87
7034,311533.6
10415,336913.85
839,264778.05
7602,209924.34
15682,232380.26
16354,350362.44
13686,182712.46
5026,206187.57
3081,236689.2
5009,180253.05
4173,403176.71
3228,172855.65
15482,284774.25
5700,213704.05
6252,192477.59
8207,83752.67
2984,145415.13
3507,390245.22
15950,95084.32
13377,261321.46
15594,184306.95
11798,212805.0
13493,165345.08
4976,182021.97
3771,203456.02
1107,159341.67
16171,353991.24
15257,194307.58
6221,220133.73
4936,211522.95
6343,183219.99
16109,216196.02
15352,194327.03
9489,200095.97
14029,211307.97
4879,305475.41
6828,144981.77
11950,80839.96
14964,163325.93
9074,154959.96
10514,216848.0
10702,188560.17
3476,191129.55
15469,329342.11
5608,169681.75
13446,482556.66
1683,214975.53
6759,111755.97
186,240487.5
7822,66491.38
7017,292481.06
1944,188695.42
10515,253932.59
2824,243508.88
3649,159278.22
8228,212794.09
6599,390523.84
9165,177370.93
12316,359988.8
11720,198684.88
13943,180284.54
15315,130495.49
14812,287125.5
4799,300884.1
2600,279665.97
5724,93904.56
3033,317424.11
2985,161506.26
8885,158633.66
12691,218691.26
15079,166649.59
14599,166081.01
7681,213362.6
5849,177958.37
675,212963.19
4343,134633.14
3122,187936.85
16602,169950.9
2211,184283.23
12965,149514.08
11016,67702.93
15756,164860.03
16151,143902.09
10746,130163.23
14130,157920.53
2231,183215.76
12325,168369.85
8949,332384.24
2859,127744.89
6797,228073.94
5793,271021.96
1000,254870.44
7364,151792.09
13802,254945.22
12755,296926.06
10782,178292.34
13169,92241.87
9007,303010.39
2118,180103.19
14517,174387.5
3001,168977.71
11913,151026.75
4030,263720.7
5323,169482.51
3572,148710.11
10290,175107.92
15321,329935.16
12795,159326.96
8845,202870.72
14559,206067.7
1435,265288.24
6180,166350.68
10590,190336.28
3889,161093.5
13160,189977.71
15254,200837.55
2436,157514.48
1770,216710.66
912,340811.7
12385,145038.62
2188,166017.13
13444,335259.94
11487,268636.3
14836,262473.65
4923,100137.26
15779,139579.24
8900,184341.17
10932,183382.88
6085,216772.9
6762,131629.89
1005,335195.1
16552,184705.98
13248,279936.97
6580,181038.13
10706,219856.27
8539,167404.36
10743,423036.28
9243,113447.45
10609,143743.77
9638,189273.05
5399,260670.67
1222,350208.82
4124,186335.3
2131,213354.82
12869,284150.07
7899,142625.24
3251,406445.4
11088,191361.71
14653,216738.5
3010,264094.95
12160,216607.3
6288,222734.21
14890,204401.34
13437,170294.86
2385,217589.49
16650,178834.86
10159,182624.02
7940,261711.77
12953,388113.75
9803,322777.1
14247,228756.77
5251,136957.57
14337,239207.52
9967,213018.37
4618,127990.64
15378,406297.65
8963,177367.58
2472,217286.99
8736,111018.99
14823,120283.85
8675,178593.51
13596,131595.15
16487,112751.93
12629,214959.54
11965,200916.01
4136,360810.42
13012,170683.64
5309,189771.98
517,316662.44
9553,159903.6
10120,121640.0
5991,217589.9
9862,177553.85
9420,183049.83
4968,240089.02
11904,327804.05
15824,169655.36
9365,149655.96
14879,180064.52
8205,225213.57
15184,127306.35
1918,222877.84
16013,265463.0
9802,187677.8
13752,232354.16
16156,166967.97
5194,100898.16
2746,389519.84
15982,226878.79
5605,191983.59
8288,260476.47
5707,396201.02
7933,192749.21
8324,268276.83
2506,164754.38
12293,137788.15
10551,156813.88
5346,511676.46
4197,238877.22
3237,149099.55
3390,301959.07
9751,177774.77
1391,231456.08
1928,198126.23
10992,275055.69
6792,358503.27
5663,195812.03
13280,216551.58
5218,81801.53
16748,263700.81
15835,190419.62
14850,220596.92
1359,190168.09
7428,210813.49
4201,115049.02
13089,73415.18
7182,159815.36
1467,353218.68
9829,221829.21
4344,181817.16
4129,156396.17
1905,176109.14
93,335447.07
8320,200086.73
12070,178242.94
8290,211371.87
11005,223915.11
116,216442.54
12275,324197.09
12588,555611.8
11378,170896.04
10961,227826.14
10251,230146.61
1152,250076.16
12167,185616.94
11569,215241.0
4141,382030.09
7614,114068.54
13805,76623.88
14680,155705.41
13543,378390.59
6786,204566.26
13529,201427.54
9158,90068.23
5360,173553.49
6098,233963.63
11174,168503.81
307,175009.57
1892,164918.94
6948,308450.53
2227,151537.36
12790,254952.96
3653,160527.96
2912,217979.53
16735,106459.9
5446,184318.31
8532,241201.83
10311,367766.1
10051,185839.28
918,171501.28
2766,146570.91
734,191759.46
6882,315694.53
15971,145401.08
1735,328914.43
442,185572.61
7228,238673.08
507,203425.7
8461,203348.19
4514,259120.28
4133,131539.51
14803,179365.28
14297,258321.37
9924,243715.83
13797,335198.38
8497,251137.04
8729,143300.72
16046,147939.27
15087,162894.13
2874,167801.77
7415,226996.03
13893,192753.7
12611,141147.6
7779,246190.47
8221,179272.87
7790,150732.12
12728,366507.46
3372,177604.4
12845,196681.68
13107,274461.65
2475,251219.57
5820,161200.99
14505,102669.23
382,148993.13
1339,149790.81
4940,226411.54
1481,68662.97
9025,309219.38
14636,169132.27
10668,137253.78
2025,204453.38
2910,185427.17
5836,195764.93
3444,132563.89
11165,216199.27
16000,177747.92
5281,379738.31
15350,287293.5
7321,224085.55
2863,222308.72
3563,175345.46
5094,204293.48
1027,214467.66
7953,266882.53
1788,210485.39
11061,174669.91
1839,304419.9
7766,185369.89
2250,215826.32
14701,142352.53
13149,279082.52
14040,192354.75
13370,249980.12
9312,407768.34
10493,146609.17
11985,215148.0
2698,235884.72
4659,172593.52
3002,153146.12
4795,236354.63
3986,128884.97
1753,382943.54
6681,180858.68
14801,200130.78
14252,248035.48
5017,134561.52
12267,258675.59
10681,165673.71
10800,169752.45
13910,161302.04
355,204285.98
12255,159636.23
10435,220329.33
13840,288227.77
7656,422399.75
1659,188330.37
2333,157948.32
4580,273375.27
12699,70452.72
9974,138286.57
14083,271225.06
15347,469565.35
1473,296752.46
4984,260702.12
9203,183838.12
5806,167814.71
5590,171100.35
4509,290612.17
763,235024.02
3067,331329.5
1143,313675.15
15403,199963.1
10793,169951.33
4849,68610.4
10717,183872.09
5430,155793.93
5874,371558.43
11286,197174.6
4407,134335.96
11998,247732.86
1131,209314.45
11920,308964.92
12404,324304.98
6552,190703.21
8459,181654.34
4704,218988.78
13883,193215.46
13830,177571.85
13273,211686.92
11323,148430.53
13257,117159.59
15846,172230.86
9132,302762.53
2909,66803.6
15927,185764.43
16500,256842.29
15974,174329.97
1278,172008.34
2893,222528.15
16128,180206.58
12794,197548.32
1341,309851.58
9219,270591.46
2982,182859.31
3113,155230.34
14358,191446.83
295,172111.08
732,266657.52
14926,166152.84
9155,369106.39
2045,158236.58
3879,298385.59
5361,374521.9
9750,395733.79
1711,209351.89
13269,150183.1
7020,189365.1
832,141540.06
4009,208361.14
5184,262608.09
13844,171923.15
12471,260514.95
1294,214675.7
6058,225189.26
15614,125575.14
7214,262946.7
9841,226024.32
4639,198337.59
5018,172907.27
1139,185848.24
2896,106460.46
7987,178164.81
13272,229649.71
13454,181591.97
14287,150775.13
414,358381.48
1524,105854.03
5818,131144.34
973,175175.1
2888,260285.08
6269,323898.62
7343,146894.12
14834,178918.23
10672,304844.64
2595,184313.65
12843,180160.8
8973,113039.6
13539,372650.86
12351,125625.19
12322,167395.86
13659,511828.62
14758,144641.25
14157,202340.93
9874,118824.82
11513,146475.83
5034,184219.48
6779,282661.39
8009,318368.6
891,274114.6
6663,182317.21
11506,233094.87
4740,288456.87
9254,285774.77
2609,200646.54
13601,129131.04
3862,200269.23
16490,213589.36
8819,193499.18
6836,168253.61
16232,197164.62
15988,137692.95
6009,230439.11
15339,184165.71
2953,124612.35
8340,191008.38
8723,230632.1
6760,220225.23
7960,133999.27
13358,303861.42
2009,69888.76
9977,193862.77
12445,225649.9
11130,247472.59
9205,371023.11
9078,228634.67
8317,160541.18
13108,308120.19
15196,200098.69
12406,147035.32
5946,127383.18
5538,199362.38
16264,248832.03
3752,217249.92
13995,177033.6
181,245753.01
13304,199429.45
4262,248110.45
11552,218081.74
817,402946.85
1198,201730.57
16535,67216.86
450,188924.42
13207,178974.18
1551,195144.63
250,206814.48
11528,176031.78
16350,154609.6
4573,143368.7
7990,371662.24
2372,192853.33
193,207893.07
8713,221993.63
7617,328240.36
1215,130895.43
3107,202494.41
8756,107756.51
15942,143604.65
7540,307387.66
14629,140439.84
8109,212707.72
10816,329415.21
10205,363516.13
4462,195117.13
9908,178839.0
11376,198539.09
16108,211719.0
13832,149629.46
3744,203369.34
15265,153227.05
5422,393103.0
2941,183821.12
15866,163699.46
15172,388178.73
15904,189740.58
5679,229109.71
5825,291929.84
3958,356964.6
8591,266970.36
1475,299653.68
2397,248553.21
12419,228763.07
7533,180166.38
10339,205171.04
8760,168464.08
13040,124687.22
5620,175316.99
4840,164736.31
10464,183812.73
7543,192499.48
1320,89612.31
2272,117150.07
6550,111325.0
4518,296161.89
2340,253328.9
1484,174223.78
1233,182610.49
12897,270405.33
15344,200394.38
7061,210627.03
13807,268803.96
487,163362.77
12297,163743.16
13452,174286.22
5624,195289.5
4483,118015.19
265,215577.87
503,202391.47
8919,294305.8
3102,118991.68
5190,371738.03
7699,183397.55
15080,220886.57
2439,266952.19
4387,266722.93
7427,141523.66
16056,178043.14
14546,317226.12
12353,184933.43
6991,237630.0
18,279191.24
459,278483.83
433,245512.36
12001,346727.64
4428,115387.01
2650,161459.23
5652,134829.98
9455,483325.24
469,283829.42
14997,180157.2
624,143799.64
798,256796.9
12317,112972.98
9011,365884.19
2923,343650.75
7130,160964.49
1616,127174.3
134,228449.83
7463,309616.31
15732,360002.26
3275,242930.93
6621,212825.2
10570,204766.36
6105,167365.59
6858,220899.32
1929,264422.97
14583,126701.22
354,208566.47
6378,166560.77
13192,68273.46
3602,342750.42
9148,285953.05
5459,257979.77
12800,194971.29
11077,209573.0
7301,281486.35
10775,334106.58
15009,124796.2
8770,275381.56
9996,337071.65
6810,181730.58
11364,242657.42
7252,126265.16
5910,232215.24
13187,393863.33
14678,189534.23
426,180128.63
4099,213001.86
13496,178140.26
8005,212833.23
9467,291193.26
6732,154662.16
11617,153641.86
5439,207499.78
14195,133229.25
10131,320854.38
12788,144143.02
13988,423691.64
12153,237714.53
6270,258002.11
10988,167700.18
8,323412.17
146,269158.02
3764,321890.63
5118,463679.5
11023,190042.76
2951,157529.85
10101,177689.06
4729,223441.4
8148,191828.1
15305,409867.65
8325,172790.68
1935,403292.78
2839,153682.22
1845,156873.59
2842,201823.68
14019,182689.27
11188,230950.3
15199,141195.08
12563,147394.07
5231,345642.16
7555,177870.26
10436,200263.11
14610,382516.49
5912,214362.68
12443,229855.5
15918,82005.47
11051,311578.32
2714,283835.66
10766,285890.68
15508,193123.04
12118,297619.62
9160,174247.03
12019,170111.61
12062,260924.48
9176,249806.64
6135,321754.01
6563,150925.27
5962,146582.38
5783,318131.4
2580,186106.9
802,254072.0
956,301517.63
8690,167174.49
1228,194322.29
15046,280526.24
5603,247253.14
5199,157431.56
3842,197327.37
7671,351461.75
5214,105846.47
4381,489171.03
4620,217021.91
6289,331476.99
2692,322362.92
9671,354289.64
10115,172826.36
3164,345083.51
10277,183126.89
2836,177224.67
10486,124785.54
13313,316671.7
928,215346.83
12266,226187.92
16085,166941.56
2260,176814.43
751,404431.21
5943,314573.16
10141,146549.92
337,159014.35
12212,190137.32
1910,202239.75
13403,338187.74
3061,209091.62
2733,127166.41
14115,178833.06
2446,221692.48
2183,217593.66
1926,257909.53
6044,350027.99
6783,204451.21
11437,158770.56
10625,336891.44
11817,217012.95
10545,292916.64
3133,168693.77
2690,160508.51
12705,190347.12
4707,184909.29
8509,406483.26
8065,147550.19
14342,161729.87
7809,88137.83
9403,179278.07
1874,171294.24
14313,150833.2
16466,183764.42
10740,179455.26
336,246381.4
14024,196003.86
11170,300964.62
4606,216245.63
12470,237568.56
11636,216410.6
11761,218096.38
4609,179712.62
2330,313685.94
14557,251639.85
1409,184370.52
11189,117869.71
9899,153041.63
5032,142576.2
13387,241280.27
7565,162290.33
3409,179489.18
2898,248967.94
6632,206199.39
2029,169512.18
13254,107546.14
1663,171893.53
16706,511281.56
1723,136765.81
10023,192151.85
11903,150316.56
12450,190361.44
15580,111357.55
11011,126852.97
16756,127459.87
13366,310690.64
10440,130068.15
13961,128645.7
3015,191263.97
5648,211471.95
11547,256796.16
12886,126009.68
9198,125722.09
12434,258402.58
10605,249605.88
11593,129226.77
866,101246.09
14734,108454.69
5038,198149.04
5702,314263.91
4937,307367.64
11820,202483.25
106,212571.01
7736,210124.77
591,147165.34
11462,152856.68
15858,303261.67
15205,301304.24
7607,224640.86
3457,164851.84
9129,166142.32
4161,177662.37
13565,132190.13
13575,137016.96
7522,288557.02
1419,243715.92
13109,253217.71
11539,216426.69
15627,126086.9
16080,231638.09
8818,157567.99
15655,248506.87
1649,64746.99
7741,175845.71
15168,215960.22
12810,375472.3
16689,175890.32
9976,204719.98
907,185916.89
13986,318713.39
2710,303058.38
12889,187253.25
3214,129079.34
10022,420069.14
15217,171928.2
15719,166527.37
4515,138180.37
16716,126967.91
14523,218827.1
9989,357078.2
13618,83671.75
1158,182741.46
15397,329756.42
11680,174953.11
11329,242646.69
7431,280746.02
4539,189910.8
8543,154050.49
13784,251916.02
1073,297866.35
5334,196101.23
14316,155044.11
8350,174499.58
2838,151789.0
15543,152975.38
11933,334987.38
2932,300995.18
5859,164477.42
8102,167498.56
14265,147057.15
11906,375223.67
11418,198778.86
15990,198891.32
14498,205770.05
2076,83832.69
14742,173038.57
14578,139724.03
16733,143188.01
10126,214497.14
8331,439479.45
12233,181792.19
2695,288947.27
11610,279593.35
6902,148221.89
4109,173331.85
13330,195251.51
3320,177240.65
9,130173.25
16231,140424.41
13771,137429.8
1778,188046.64
11730,198412.13
3543,225132.56
423,292706.34
6957,146731.36
12076,232207.81
4974,196197.93
5546,225148.66
4064,181510.23
7924,229714.05
6776,159680.53
7410,152916.09
8956,170140.91
4709,160243.32
11148,124393.15
14788,126829.85
12876,124309.31
1596,233694.54
16214,257129.73
8752,151063.33
12644,188278.81
4198,86446.92
15592,168540.52
10685,171198.09
14466,290960.03
16434,240425.7
14341,151330.01
12708,140674.87
13262,358867.27
11318,212614.9
2033,200674.99
15857,272793.03
16554,324345.91
10771,254691.16
15708,168976.68
11637,145340.29
2870,202212.28
7582,205952.56
9739,250924.11
9342,309380.04
6338,257732.14
13046,163784.84
12579,124925.11
6342,401052.1
7160,188321.54
1324,192254.1
12991,195637.33
13756,149210.23
6019,171006.08
10078,244285.56
2343,155057.09
16275,186824.64
5696,456321.04
1,245051.05
2248,218878.23
15628,141655.14
682,186816.53
14884,187728.02
11031,307074.66
4001,171238.94
8533,125411.89
15147,187744.8
12747,137255.51
13168,190766.04
12829,210672.38
2675,237178.91
882,140895.71
14577,191828.32
7264,170928.43
13799,222603.18
2219,307661.19
15208,371126.44
9178,172663.2
9876,237351.08
14506,153420.26
1695,159401.5
6661,127853.82
12200,213123.49
7963,205415.94
3209,180854.51
8164,283363.22
7584,275756.92
7873,246196.29
11212,280220.0
13736,200646.15
626,198170.45
6284,251199.24
13728,180331.21
7099,283561.8
1618,267255.41
7201,185953.6
5902,161397.81
15739,226887.07
9546,106910.85
9505,203902.23
7818,333578.57
15324,277108.3
7289,168633.78
4548,228381.08
13058,151887.3
13623,177199.88
2668,167036.32
2799,169189.03
3867,321870.59
8658,147644.49
9543,191003.64
987,394303.12
6209,151304.48
7939,158654.7
16478,343227.64
4258,139636.0
12738,354329.18
11027,116625.65
1741,157465.87
16198,199687.75
15975,277984.77
9224,145324.27
16792,136529.54
11729,187606.15
13121,245308.62
16528,156427.98
15677,334441.98
15433,241721.03
4,212983.81
12408,182764.03
8441,180544.29
1624,217466.98
16449,164822.71
6872,219109.51
12271,180628.34
13396,167031.67
15833,400493.35
1105,283845.46
4106,148422.73
3031,456354.31
4546,147586.66
8258,69720.84
9946,239994.13
8027,219996.68
6337,131017.67
10342,189776.9
1885,224526.74
619,404967.06
3531,154602.73
11357,185667.67
1380,202276.73
5691,182531.4
14780,322153.75
3930,251163.17
3148,472383.52
3830,112433.61
12670,109938.87
14274,314237.17
3438,278001.49
3242,125876.38
5470,235764.89
14237,177945.3
2431,267567.88
1425,146971.56
14227,429811.13
7009,216971.62
16024,204555.78
7330,214582.68
12378,285770.1
10378,285347.1
6926,296340.16
4027,250926.54
7435,182692.53
11299,202055.95
12112,217584.3
4723,296641.15
14224,225140.25
11300,210071.15
16124,198151.2
4988,172853.72
8019,212039.94
4036,149562.59
2075,167836.96
14593,175324.17
4499,228375.34
3685,404743.19
2168,239417.58
8263,186949.88
9242,182133.52
14855,302074.37
2800,253012.52
14715,262991.61
12729,239913.51
14683,246455.53
429,440939.68
723,207860.71
8170,234415.41
2770,139734.56
14395,173057.46
12326,200251.92
221,250707.01
9448,165172.51
1593,194073.47
8962,125828.89
11068,306678.16
7896,187203.84
758,142560.83
9252,165060.21
6077,156087.08
4186,334682.48
8220,276764.74
753,160176.64
13063,210818.43
5728,165197.14
10817,210541.41
7868,508922.48
8580,180969.01
11100,161872.55
1003,136479.35
4779,134752.57
7121,179105.49
3946,217541.09
4426,167992.87
11309,129635.45
11285,295969.9
8222,127937.88
1189,122254.83
16356,186509.15
446,189986.94
8530,233315.02
14289,186425.16
16009,234007.39
9692,231547.74
13489,227690.23
13010,180851.36
6083,105353.05
2707,147394.89
5898,250980.06
12994,207196.53
8796,151790.88
3009,126892.63
7033,251378.36
6615,132131.35
2235,145900.03
5565,198091.53
5869,109765.79
6384,193263.31
1001,267917.49
11540,229393.0
13967,183044.9
4097,207087.84
9993,228419.84
10166,260821.66
15928,332216.87
14584,139404.28
1962,311857.8
10363,183829.87
1097,83151.51
3430,183993.75
1672,170070.85
9195,114553.56
16193,179690.86
9076,361314.96
13030,182114.62
14459,142082.84
8470,159881.96
7810,294009.62
4342,131623.56
8551,141262.95
5555,449120.67
12190,258356.26
8875,161524.68
3179,238864.99
291,218981.23
4549,483772.25
11486,192695.93
9349,252719.84
5305,175509.49
3379,328963.31
12593,488627.13
13712,119941.56
12847,181747.41
3964,202889.69
13981,244306.1
2538,165881.99
14764,145807.93
6147,144028.34
16693,172649.1
9398,187367.67
13554,127916.31
11054,332033.46
9462,127617.84
1528,209310.87
7096,341811.76
8993,187083.9
3738,342276.95
15096,414018.17
97,361047.0
5701,337519.29
12401,212335.58
2113,332032.37
15724,311039.15
15692,163422.33
12791,254869.46
10747,212637.39
1730,127235.75
5010,222013.78
10173,191743.42
6771,157570.0
6524,198132.37
6995,335806.84
14303,167626.32
1274,87499.12
9095,159962.15
15435,94648.47
9363,190234.19
7913,409503.62
14286,224715.12
4759,194869.74
8674,236528.64
12459,237573.86
436,171847.09
13586,216632.59
3231,386748.85
8124,156278.02
1226,290825.88
6887,175179.96
8855,273405.18
1768,129060.55
1630,197409.72
13293,115738.82
5705,197045.39
9067,123606.57
2790,245985.57
15012,138249.84
2411,254770.13
12054,186077.2
15653,146549.11
278,188852.3
1828,158353.3
7031,124582.99
3906,129204.2
13027,108279.54
4505,262165.28
3927,204754.99
12396,176045.88
6394,313426.8
8922,233767.98
11446,207933.98
7546,304493.67
15150,178111.28
2988,263986.23
3077,94905.77
2111,175209.76
10235,159678.1
15784,191901.95
12113,190367.16
5645,207863.41
9326,292767.29
12895,400182.23
11733,313589.42
1201,142804.91
5253,293349.02
16547,190047.8
2378,208330.89
11477,123426.09
1984,193567.28
8806,283531.86
16722,186004.77
7893,233809.92
8821,210599.44
9816,189547.45
5133,247068.28
8377,311772.55
7319,142220.25
2326,192075.67
3492,227250.08
14868,209730.94
13464,199888.08
1137,207942.89
15733,208372.57
12108,248393.63
2564,192922.07
11080,239004.53
9084,167167.06
8744,240149.07
5915,177591.96
14622,197472.13
9818,366822.43
2376,251674.47
16788,164428.27
11363,197018.53
14256,190799.58
3701,174963.54
12627,110741.84
9235,141917.73
6012,153608.36
2189,313078.35
14736,174404.68
5252,74900.51
16708,169152.94
320,241519.9
6943,147791.64
10548,246412.66
11356,360188.57
5855,263495.45
10265,251714.42
3325,166130.31
10243,218597.86
5549,193437.71
1284,179103.28
14510,131070.78
12488,122449.58
12089,369899.15
11715,287337.97
312,134280.04
3700,213325.36
10028,413076.82
12374,289759.23
9624,364182.69
5232,412658.0
13763,221107.14
2774,209985.45
12312,148724.64
3288,260742.08
5404,221969.18
3555,191591.09
3070,228126.76
12879,165333.16
11402,149723.7
9345,164031.51
1045,239798.23
16544,163008.74
5409,194239.92
2787,274901.19
7055,202081.79
2853,234424.96
861,191339.79
5480,234715.29
15178,70259.67
13428,473558.43
7564,378480.39
5974,412079.37
16292,188041.22
11066,264562.5
5265,251592.82
1966,135571.1
1142,139768.39
1721,210635.67
16606,240394.12
7992,203256.69
3304,143692.38
15181,344300.89
14750,246110.59
16207,244281.1
14087,448530.49
3359,197136.05
5926,237360.89
12703,288046.45
15813,139891.73
11697,267267.39
12548,163876.89
13249,517073.2
15248,397463.76
15847,171727.8
3939,223339.81
11961,240939.16
1358,250814.85
4604,174301.28
4357,172453.42
5763,107451.22
11193,188601.48
14327,171060.87
10750,85172.91
306,184158.89
5043,192513.38
1343,145152.44
8981,125503.44
8809,200622.58
13563,389823.38
8617,212470.05
5398,151630.3
12061,195504.8
2246,187608.13
1976,504570.96
1729,158173.79
3980,221614.22
14213,181232.94
13944,187806.03
2321,244662.9
6624,117562.57
7751,158103.96
15418,167418.46
269,193159.68
9075,153563.87
9636,264774.67
13367,298479.96
8808,188650.89
3260,160457.27
13959,130289.54
13741,386170.64
8198,140702.77
5957,169157.52
14778,303031.66
1202,173551.8
2547,200073.64
12749,170185.97
9547,142532.59
12617,189463.33
2606,304964.97
1350,473514.94
822,207718.46
2778,211865.51
4870,170915.33
1985,218673.32
12634,184090.79
7494,200588.23
10397,190869.89
3184,211843.76
875,175102.47
4425,205765.12
6285,209277.51
10272,250948.23
4413,170242.7
10671,456514.81
16477,186990.16
6068,235759.24
3085,334514.73
5694,115647.55
13369,175473.64
7268,270315.86
10542,176847.45
5755,446534.23
5152,82591.49
12310,356079.44
7778,206350.53
12539,234997.37
13140,284207.86
2991,454789.02
6763,273731.42
9780,316901.81
14402,186204.52
12143,145020.61
15306,170902.63
6408,187964.48
14645,216333.68
5708,350296.96
4461,186761.55
2649,220285.91
10758,495256.76
2495,165109.17
12117,224324.49
6946,206089.55
12901,143398.28
15637,197057.67
625,319413.67
3028,132812.96
12041,134698.65
4885,159983.72
7232,139899.21
1897,212736.15
10380,245906.04
13762,143592.28
12954,138226.71
7621,194170.5
5067,166140.61
1851,142022.84
5042,121581.2
5170,298638.43
5454,170529.21
4423,216682.51
9137,279278.63
1200,170688.79
1134,186469.17
2363,442233.55
8946,173189.48
10223,181764.5
834,323220.55
14667,214041.55
15963,210572.78
14232,154580.33
9549,148790.54
16132,142550.35
14712,297734.15
4623,317767.31
4089,252942.21
16054,304488.09
1805,331397.63
1138,442415.34
12929,212071.47
7529,115434.23
15818,180676.04
11222,213255.0
923,220948.5
10708,161672.08
8742,106505.84
648,215165.52
5287,374520.63
16378,286517.41
9837,445833.99
9653,189914.21
6568,218875.89
9930,204458.72
1823,343185.14
3194,174684.64
13453,279435.64
10226,228197.25
10301,213943.58
1186,205831.45
12857,187621.52
4883,189414.9
2854,195942.3
16744,283548.44
6559,245820.16
1986,177208.66
11373,217654.35
10019,183748.92
2322,148896.19
2214,181037.27
8759,200600.86
12228,498924.91
9563,292969.16
7271,313380.69
1161,132769.21
8436,176010.05
390,395891.59
2238,196815.95
15247,309639.47
2728,128290.74
13277,228840.33
6320,264237.44
9152,279324.8
14741,271149.69
179,176212.54
4699,380822.47
6726,137093.36
12516,155090.67
12405,184651.5
14354,230630.5
11036,264679.14
3805,266957.29
12287,226600.39
13915,166750.04
13935,208947.88
4463,370731.18
14057,169661.16
3897,131196.47
13602,82365.51
14652,172069.76
6533,207139.4
5485,205021.15
5037,170106.13
2179,195663.73
4786,216849.66
940,146345.26
13801,111592.68
2311,162902.49
15753,224375.66
7725,173001.05
14405,231551.1
13461,228978.37
14096,197028.92
15634,213385.7
11208,214913.87
8640,274342.0
13666,126881.66
9169,184481.3
5839,113628.9
5936,164313.73
8843,248500.06
10815,237366.52
12717,219764.69
8548,356531.51
8230,154532.44
11321,197759.28
9767,182434.02
497,179926.17
9143,154701.41
16166,485584.44
15231,173083.39
9568,224359.76
13185,124426.16
3594,203304.99
5924,136938.93
2949,192767.41
2762,282947.83
2017,232642.27
11116,252576.35
6626,168503.81
13055,185970.96
7852,163181.1
7930,177804.63
10694,110856.03
5922,292744.53
9209,304272.02
9278,216613.63
1482,185775.33
5671,231548.04
10618,174730.41
7303,176352.54
13702,294324.85
6451,251858.29
1761,146893.69
14567,256768.74
12064,180874.94
8526,219450.06
4270,150335.74
9845,252430.27
15987,252510.21
5923,182539.66
13302,282517.46
16052,208434.84
1613,241721.98
7662,258698.94
1705,191037.71
5845,155026.51
8873,164992.92
2798,101427.24
965,294721.97
1355,141623.52
16596,192619.71
5296,126584.41
14032,146738.65
2451,212713.75
15949,215617.69
4393,476970.97
764,165827.24
5317,209231.44
10610,225542.48
10646,153578.65
7695,159448.48
12743,100826.54
1837,245744.98
10674,173383.51
14979,238709.19
6683,244439.29
6587,172970.64
7266,177003.09
10136,138060.42
1048,204358.96
4677,188862.06
6976,370377.47
8120,172203.31
7461,302074.28
4229,184481.83
15983,129086.28
7147,353518.74
10409,239174.69
4041,204584.33
4431,248270.19
3196,236963.67
9825,251657.15
3284,142707.73
3838,149220.29
9183,173471.14
8100,243921.13
4922,169543.62
10798,103765.46
2873,214670.63
1952,166632.26
6474,172985.85
12695,210934.01
16195,137086.95
237,217769.42
13952,176584.47
11350,221391.24
946,179503.84
5985,188170.8
16427,201704.15
13937,181821.09
876,175417.52
14371,180414.12
5527,208539.94
9220,139014.46
11726,164020.72
2966,227771.98
12725,174975.2
12457,164618.96
16515,145957.69
10969,121922.71
12647,251469.49
3926,334980.53
4302,168691.25
2508,191141.91
8718,180826.74
7678,238333.9
12912,383275.1
5935,177768.93
4634,143898.95
6208,185185.23
7833,170687.45
6449,176313.94
10692,190217.99
2676,185592.77
6723,178192.18
16727,214800.1
5356,173703.07
13386,170617.93
7813,194549.13
16321,148115.8
5500,179029.15
1917,193139.14
11065,191070.75
2809,219928.24
4220,300742.84
16412,182129.21
14670,192078.61
12787,172798.42
3843,217147.34
5953,346303.34
16182,276071.28
1406,275492.27
16382,107860.35
11650,264989.63
721,147461.14
11045,327166.81
14478,176603.45
9214,286765.53
8615,155105.7
8334,255214.93
3389,383976.64
2681,103205.35
2373,232158.37
6031,216742.11
2452,168193.16
14305,200365.08
9484,187648.48
862,179102.92
3422,247714.82
304,259593.06
7697,337583.11
16394,107115.72
2882,223132.47
5600,207845.4
13649,207048.61
3440,195582.82
12920,80483.37
13733,125031.62
3106,190237.48
5959,225834.78
7748,223337.17
6345,127472.78
14551,157541.28
9496,280833.2
7180,337968.48
7883,212013.12
5875,150143.34
5126,315430.13
15605,230345.06
7306,167371.92
10020,207082.48
8909,400296.81
6719,206493.37
5243,183614.08
8971,122145.39
10062,265894.87
11962,244248.47
13462,232730.31
8986,141787.36
7320,250941.64
15855,348397.96
9415,153009.31
11908,194223.09
16582,219377.12
5573,299247.96
6704,163949.61
12499,217961.14
7110,140265.29
13600,120940.74
772,250823.64
5155,181705.33
14191,261928.48
3734,428604.48
2860,194944.94
13680,132299.93
9879,281507.94
5333,177012.75
5208,151713.87
188,191737.64
11440,148842.52
1165,93943.23
15559,164069.07
12706,174837.15
27,150521.6
4611,191977.84
12937,165113.13
16276,311179.52
6153,130344.53
12058,145957.51
14982,216118.68
15195,247564.57
778,198970.24
10769,134854.49
3268,213045.4
1286,178019.92
5450,261109.1
1221,255310.64
9940,176389.32
13325,219269.35
12270,164056.48
8822,228545.29
10897,176474.86
9330,228433.69
11984,195125.62
15056,246993.14
14954,297137.1
14905,213482.19
5219,227660.52
6613,217593.21
9139,127733.11
11456,188969.46
16626,265609.4
11247,176139.8
9972,211370.33
2631,148600.15
6526,111853.82
192,171350.34
14160,170325.93
7623,310690.63
5468,166412.6
11331,174508.2
3308,114833.23
16154,181031.59
7526,230683.19
10174,164133.55
786,328487.55
3956,363797.81
11499,184548.43
2105,222213.45
16065,207336.5
5999,82493.01
1060,262275.0
4805,383468.01
14876,183370.12
1411,177223.9
6989,147277.67
9869,300269.72
1272,236081.56
13306,174969.59
4853,272974.77
210,211702.66
4466,218538.51
2954,222308.29
11110,194038.5
6576,224863.64
10424,250231.31
14269,129257.11
7491,258067.46
2158,157119.83
7386,184543.2
10555,336480.53
13,181663.17
10184,129208.94
15576,145414.1
10698,113445.87
5375,253733.28
9089,206631.71
6126,391500.32
6973,151188.78
15437,235631.35
5000,280557.26
3690,196526.97
14190,172647.99
14930,177791.2
13468,166886.78
4658,317960.8
9111,400349.29
14766,124807.44
10291,182904.37
7295,202697.87
7394,319831.25
3936,240697.14
7127,442931.03
11822,293266.72
908,192437.54
3669,528793.81
15641,286090.46
7585,397554.83
2569,122532.88
976,157508.75
16111,147934.96
10258,144263.89
13075,309662.92
13059,224960.39
5893,175715.38
2308,227308.05
6724,185360.1
9533,169908.12
2122,130836.24
3047,211555.17
8558,149626.69
6977,385841.83
9526,223353.64
12127,217294.48
385,333887.48
13382,246765.66
4135,106258.04
10162,203094.29
6932,110442.46
13321,187912.48
3925,163673.37
14794,159795.44
15151,378241.48
7125,167313.47
12017,176147.93
12288,250893.14
5618,141476.83
14018,148396.79
16465,213695.38
5268,89442.6
14685,125403.67
6477,151896.79
6618,377451.86
12521,166348.53
14749,264873.79
783,154000.9
14120,182556.75
6367,309713.97
9493,199442.04
6941,82409.3
178,326876.3
15073,126811.92
14594,201429.69
8622,88423.6
3740,252134.67
3065,162223.84
11752,155835.09
9928,146144.29
329,196467.89
15064,147360.28
9887,192855.25
3263,179973.74
3493,181844.46
5424,200368.1
2560,182021.26
7914,381151.04
9969,243141.77
6223,174738.54
3043,253492.56
3147,151090.11
9366,180301.42
9907,161250.98
10532,293724.74
14417,171837.37
12526,192579.83
11504,146651.25
15999,253835.17
11879,274574.77
7373,212435.24
5654,374306.91
3495,216728.12
7307,146427.77
15417,201757.18
6505,164735.23
7213,164535.65
5107,302837.08
3481,154879.76
11968,355917.26
16723,174418.05
14963,207930.14
2314,118449.06
13224,200194.3
7759,123686.34
13954,228219.45
15957,424696.93
9322,246605.92
171,211930.1
6464,327304.1
12195,184967.36
3008,238423.75
11533,239938.57
8792,218221.21
13966,295288.13
3677,179377.62
10647,164109.46
10974,188436.82
11973,144463.41
12958,152213.05
9952,192503.23
15190,371701.68
560,328219.76
11684,413106.81
3366,120882.72
2163,233214.02
2229,176100.21
16643,411989.13
6554,181455.88
15889,193599.37
13411,221946.99
3818,277424.32
914,187287.63
15357,168634.3
264,206763.07
12055,226810.64
12506,288191.43
9986,208725.59
7200,401260.56
15970,154504.29
7485,200218.86
362,143292.14
2493,141326.82
7424,166038.01
7746,224175.52
62,178317.97
12124,320096.41
343,220065.77
2421,243009.23
16110,175373.3
13689,189374.13
10035,299044.7
15361,188212.37
10373,153326.44
16688,141276.26
9368,175984.39
3416,190783.17
10663,190182.1
5286,171897.58
12622,166298.66
889,231731.59
7471,159126.8
10154,185683.01
14789,153991.56
14818,256752.04
526,229121.77
11780,181048.76
7740,253805.79
9329,180988.72
7255,241271.83
16718,147105.42
14413,150045.45
8950,323011.32
7254,290374.67
5881,181845.89
16737,204650.65
9151,385625.85
9324,247190.13
578,194582.87
458,181793.56
2261,383889.23
4532,179081.16
10505,165145.23
12168,181004.26
5381,149050.43
8190,201973.91
7661,400804.04
2578,290029.42
4780,198096.94
1538,281692.9
14064,148170.01
9515,160947.6
1254,141038.3
2151,173453.47
3024,175921.6
9799,147794.35
10455,145492.21
13116,139958.79
2575,275420.26
7991,175263.65
11147,319776.25
12618,250369.58
11524,225342.27
12350,137232.48
9009,130237.84
1746,140953.45
2773,232449.9
12679,311705.96
5777,185494.14
9991,211420.41
5473,326133.02
2094,150963.35
12482,237969.53
9693,116073.51
6699,123991.01
4603,223346.27
4205,234110.83
2764,232927.0
1542,269941.37
11336,69372.37
13791,183790.89
14462,178772.24
7739,285352.49
14496,182457.46
5868,182143.09
2789,277281.53
4862,164953.57
319,177443.58
3172,163922.28
5674,177866.67
5048,221294.02
1245,366618.48
5906,167860.06
9108,165274.82
7788,209932.61
3315,168000.22
7165,216709.41
15612,206295.35
7693,71827.41
10795,175124.16
5659,198645.03
12551,339637.46
3459,249204.81
14301,203191.68
1645,131282.42
5529,435674.01
1297,144178.13
12463,234443.22
7141,150062.88
6334,175084.88
4221,315965.05
12383,285972.55
15622,165494.98
9199,151924.66
4897,173335.09
14203,135844.43
5349,148734.15
2531,140520.55
14935,150037.04
941,230828.81
11298,194005.55
15545,210685.19
7413,77870.01
6507,185503.19
5308,135207.37
7724,169041.85
14089,165874.15
5090,155958.22
15314,112929.37
15668,206289.46
14202,133943.89
16390,208622.23
1501,353164.15
16098,171731.15
4533,489270.73
11010,158103.18
8129,233205.77
3733,192929.24
7191,185215.14
5669,203971.15
10727,179312.56
2023,150393.51
6766,220696.47
1995,239904.06
6935,385401.83
4584,151336.83
9901,211546.53
16374,218120.67
9028,186704.58
7013,220018.66
3014,206608.98
7965,244160.85
653,173405.59
12103,191371.86
14000,314796.89
16101,226848.68
8147,237102.23
14304,183954.56
7371,155563.07
2779,176969.36
1781,230003.91
8516,130172.0
5298,195270.87
7948,222947.19
5177,168889.08
863,325062.66
8318,155973.06
15712,169907.05
8010,233971.33
7351,147272.12
7654,221027.6
1860,181290.42
16734,249498.56
2848,182031.55
4216,201999.08
12398,279512.28
8982,451400.36
13414,189364.61
3120,332951.05
6071,178980.11
7743,200641.81
1346,234193.12
11643,131666.94
4301,251559.13
16745,145354.58
8726,344176.6
13819,147898.19
744,151528.55
12094,224908.5
14004,216324.85
10891,267668.81
6736,192901.91
10613,324263.58
76,331294.62
1261,207673.81
6033,260513.37
16482,267744.82
3480,195075.92
4007,366802.23
6937,540499.6
6178,187528.18
14633,154475.56
9382,361167.44
11971,284032.7
14461,179638.94
2509,193212.33
10714,356799.36
14363,186509.94
4244,159825.22
227,162499.55
4498,229045.65
9453,147608.34
14134,180548.79
13920,306963.07
15077,381465.05
6680,125536.15
1899,470881.06
516,146248.42
3213,319304.89
8944,177872.11
3726,262549.72
6380,248658.64
12849,209669.3
12751,149184.73
3139,433594.1
13621,172427.16
7115,319280.54
4830,160969.07
10785,411242.09
4248,297972.44
2161,235223.75
10707,177931.97
13314,173401.42
3658,181743.43
1738,235419.2
11744,266444.65
7407,208393.35
5169,110161.07
3821,162013.81
5805,192740.36
1573,201620.12
12131,372724.91
15806,257603.34
11672,332357.8
3892,195842.39
11727,216426.24
16319,206989.53
5055,182311.09
14296,204181.98
10905,184245.43
2590,215893.72
4475,176094.73
3313,221244.34
2464,337202.11
12184,201123.87
14886,152742.35
1385,136500.23
15561,154696.88
9884,115417.18
9895,205733.81
16307,150270.57
2978,223441.52
6553,458104.71
3951,228181.25
1555,232930.57
8502,87714.02
15095,212321.35
7372,224925.1
4385,267803.25
4362,180246.37
13831,182547.9
6489,267097.59
3098,172389.0
6268,158643.02
11688,277724.52
12426,188996.09
13894,191713.61
7239,135808.76
425,366393.93
3425,117418.16
781,165953.8
6206,369665.55
6543,202613.4
13646,245899.92
1686,278147.88
10664,198240.59
13420,135026.69
14300,140292.69
10604,248199.71
64,210914.71
2786,193269.74
5622,213073.94
10123,269172.81
4096,202136.94
3502,171289.77
1758,127830.06
3570,135879.74
7227,234274.66
13451,175073.56
13668,256699.87
9599,209493.52
5260,274546.63
10087,188682.15
6075,262113.89
15227,404220.17
7864,194901.83
15836,107414.16
16267,194304.87
15771,237080.47
7644,300936.34
6026,200223.43
14857,201351.36
12003,199661.21
3770,153304.84
14196,414088.22
7468,151313.02
12165,283239.05
14233,128425.98
9126,125035.59
7229,178935.66
3384,258309.78
6401,243384.61
10877,258858.37
6045,195886.79
10901,267869.23
8999,261861.21
16355,218537.12
5110,265507.33
1474,159017.59
15023,261290.47
82,187432.83
321,231609.67
8236,416286.18
123,255803.23
7210,118816.86
8979,211972.73
9702,176987.88
9258,207051.87
1402,204358.96
15587,187227.26
14438,288957.35
9133,231301.2
9672,292238.54
9313,149708.27
1353,246622.13
514,214157.88
364,165892.16
1895,293621.94
206,383119.73
15290,221719.25
13504,194547.05
14673,150063.59
15642,276907.75
10729,213867.56
5837,442059.33
395,152685.03
3679,141139.9
7673,203485.93
7785,247609.84
10264,95798.69
7962,156540.88
11683,234354.19
15650,186494.82
4247,174537.47
14721,230793.82
11717,251367.4
5593,478498.64
7855,119603.33
5196,205969.86
4245,135617.56
11424,184533.33
15203,185657.15
14149,175344.87
1352,214838.15
16135,217998.05
7054,129947.25
2044,311492.36
1503,192350.89
14094,180979.02
12235,192102.04
8189,537717.2
16588,283099.24
9957,125291.57
9457,170184.37
3199,171480.45
10789,176653.46
5262,176592.63
6854,179071.54
969,184793.4
16613,175192.13
12748,249626.14
13926,240152.14
7390,357925.22
14971,181934.8
13103,254155.23
3616,151383.9
5860,154160.59
4162,192281.38
12144,176598.87
8544,514558.87
3238,184810.34
3341,276530.5
12864,243900.6
9101,157075.63
11325,213601.29
3180,188872.79
1965,290846.63
1893,401040.02
12668,181642.8
15030,112877.46
13404,93115.94
807,135847.01
8515,300062.06
4695,135866.5
4761,178857.25
12203,127434.58
5347,177731.31
13399,303348.7
13858,138972.78
12505,220256.34
2442,358992.4
15245,282957.84
9898,113067.08
11651,146162.79
6259,151203.56
10520,365484.57
13599,140477.6
9694,229113.4
12220,372771.8
1529,120630.61
14853,218392.7
16750,205645.67
3630,130565.55
15943,184226.13
13828,359145.44
15618,123722.46
6130,187037.98
14219,151083.25
4276,230337.34
12798,161787.68
14215,392004.65
6290,223096.69
16625,190574.51
4067,234177.06
3552,222475.91
3804,192136.45
8465,217001.16
4395,180314.83
5682,280032.23
14241,204479.12
7489,136246.33
12468,155578.35
15608,208086.55
16783,306025.12
11500,564078.8
9154,182510.07
12474,166999.28
6620,239095.62
2334,296594.58
11545,152604.15
2981,191200.69
932,125585.93
3466,105221.99
16367,158956.77
7737,221901.49
9122,134576.47
13015,201651.84
950,232239.32
14806,174927.28
7354,166901.98
13706,214436.12
13993,321466.88
10577,133215.26
4592,179553.08
10295,138110.37
16432,315355.01
6453,148685.05
621,349222.68
7114,296486.09
6310,220473.0
12769,138731.06
12078,208182.8
10073,160343.06
11732,152581.94
3146,240951.92
15028,150987.94
6718,194083.69
6256,189083.38
14217,199233.37
506,194394.23
5013,256656.19
5302,149574.76
15453,141295.22
14535,254245.77
8160,218017.37
4075,135357.51
701,253987.53
5807,175226.7
8469,280515.35
419,228215.76
2524,224492.65
1633,108147.71
2729,198798.13
11838,132764.02
6052,133258.33
1248,395258.94
6677,192894.89
1347,306181.51
8673,142346.93
7848,215581.89
2024,243383.85
8410,175084.16
11855,391625.11
16426,200793.5
1129,343372.56
10596,208145.93
12640,146601.93
1415,99892.8
3250,200547.44
11081,148717.6
2767,185550.19
2638,134209.57
5377,213263.27
5436,183195.73
10215,154375.71
2662,126638.18
6476,180689.8
618,155313.32
11895,193655.01
2292,160641.97
30,166546.45
1988,184557.96
13093,236502.69
3786,92311.68
7481,199831.1
11379,324135.21
3352,324031.27
2828,247416.14
10888,337569.46
1119,229821.31
4848,219335.47
8265,122047.28
4774,131676.18
16659,233399.63
845,291755.39
8002,321066.22
4583,278441.63
7640,215232.71
2132,383178.07
15218,174935.22
3265,201803.03
10552,241394.63
11551,149997.95
6955,123827.14
1802,147392.1
3258,182640.28
3929,137718.5
16647,113724.84
15419,145335.39
375,209068.69
9666,474351.29
8920,196178.55
398,269545.02
9583,105735.24
12655,237908.67
9282,198154.59
5057,372888.39
3279,251911.55
7187,105427.55
2428,86544.92
13916,359717.49
6406,180361.35
4224,131339.29
9906,347120.22
11094,165791.36
15896,134311.84
1397,390882.63
16704,416667.45
1816,169419.35
16043,159149.86
10670,207278.02
15967,255239.5
8740,291264.81
4110,152868.1
6402,240968.67
7551,133068.87
510,213889.65
15664,308793.38
4148,210991.71
4023,255230.66
8560,285677.84
3715,206538.37
4902,257804.42
6461,179336.03
8651,159309.08
9172,258586.77
14080,159857.66
594,154785.94
8159,444475.83
12700,225441.25
3932,154912.51
5651,161719.09
12525,188320.25
9621,115340.21
2166,164566.8
11319,191024.11
16032,216305.53
12185,233371.43
13974,255250.1
9683,288131.8
13655,302319.04
5140,129829.33
16325,210612.05
7261,199121.24
3434,189042.1
4444,282879.11
1804,109741.17
3160,135913.1
14609,122264.6
6675,201991.1
13984,270960.97
9372,171685.96
10929,204759.54
16208,268418.24
10133,126702.17
841,143867.24
7885,232953.05
1331,189560.2
7615,230407.52
11503,175866.71
11509,118260.91
5581,115881.96
14579,179089.85
8994,151908.82
10333,167224.61
10948,191949.38
10014,137616.17
4010,303373.42
5393,129561.16
9318,194576.94
5635,85129.16
13478,165445.26
13573,191312.08
6218,151687.01
5916,189312.22
16486,315701.08
5615,156629.81
14483,161142.65
11307,183414.74
11333,167429.88
7762,200108.18
13139,264243.79
14538,183733.8
14761,271817.84
13442,269070.45
835,183304.77
15275,223054.7
13908,152149.3
15237,266380.22
15616,178431.73
12420,175113.03
5165,177700.37
5091,179633.96
14626,148295.65
16485,108665.71
12564,383576.06
11169,178132.84
14017,156021.93
4445,240381.9
7735,169241.48
10654,316924.91
10365,165773.88
105,325878.39
10878,278635.59
14639,261103.95
2756,199158.51
4364,155872.71
16551,197840.45
54,260736.35
10982,293221.58
9314,226179.4
7847,197265.48
8081,224675.88
1585,266455.77
10441,171061.91
16123,233155.98
694,233268.43
3823,110337.81
6967,292102.65
273,210104.45
15406,276833.25
16472,140501.82
4562,152608.28
10267,446816.46
547,190145.82
1166,331337.28
11390,129451.68
8021,148333.55
6179,77834.19
13134,320004.79
1407,159514.05
2691,164608.64
4572,143476.21
15049,174847.7
12669,157712.47
15271,397049.71
4535,211412.16
12720,181585.78
11689,132860.18
11452,77579.5
8905,212961.03
3650,197764.38
4728,300195.73
3316,202628.0
1241,178455.44
111,179624.13
16105,195361.55
3472,171958.88
13409,507637.76
10624,402046.04
2940,311066.73
11371,129009.45
15110,155925.27
13589,237021.55
197,102537.07
8415,244313.83
5403,388208.95
10350,214510.64
13240,365322.64
4485,190029.75
14006,205910.21
11324,193544.01
13713,192294.85
12346,263305.47
5312,121226.73
8968,165507.29
8954,191409.37
2974,162743.28
4600,242797.48
4306,413328.47
12081,228164.77
6909,220179.52
7064,256222.19
8180,247626.82
3969,119286.01
13475,151998.62
3882,377149.27
1024,182923.92
4200,187910.45
14852,191036.57
11570,146500.7
7902,133286.01
997,244875.25
10286,146011.05
5195,210294.94
9476,179468.78
988,237400.67
13581,182937.48
5240,222021.51
10907,243231.27
8878,203562.7
15228,328771.19
10523,199115.1
7927,430161.53
4867,174274.49
6325,95511.47
4625,142095.67
11253,354270.91
9922,179306.83
3725,115044.21
13826,331710.83
10612,197585.36
9196,265674.75
10859,185325.14
16397,157044.72
3509,479204.22
11334,355573.38
2858,239362.68
2924,243611.63
6924,184303.09
8305,201246.18
12598,253117.82
16240,175574.36
16357,114530.21
3645,197069.43
10667,320891.41
8754,316410.33
3423,166074.87
16143,208525.99
13473,320631.21
3540,363903.85
10448,383163.86
8295,214931.37
2610,165814.62
12916,100380.99
7946,248113.98
164,121618.39
12230,137088.53
5006,188785.79
6322,161580.65
4273,346511.34
14770,184826.07
651,184499.52
6816,231858.99
8048,194867.45
8910,213937.5
8984,540894.42
7782,139356.56
7950,293298.95
4215,195568.23
10077,241423.75
195,203644.35
11932,214851.87
8047,164005.5
1489,160814.19
11019,169272.82
8155,221542.88
11444,139771.37
6607,145228.65
15929,234082.54
15721,199096.97
6273,184215.94
3418,331977.95
9311,157264.18
11280,194391.52
6427,176047.24
12249,127691.87
14632,236179.25
13567,147030.52
2604,210277.89
13845,125173.43
12898,151790.83
3640,163336.68
11143,204370.86
6463,188128.92
5604,236001.98
6511,158380.33
6825,292003.68
6754,188200.54
2612,217321.81
281,205851.61
8186,186388.66
13786,182863.44
5040,378318.54
5856,186904.43
7853,159777.9
792,154487.29
8487,262569.28
15017,174542.63
1151,168682.75
6443,250438.59
7938,251611.93
2423,129274.07
6716,158386.9
7169,131031.14
9060,245092.13
7537,155360.07
160,174347.11
6954,176607.68
9501,543286.65
6811,326852.46
6174,122742.81
7134,183667.83
1110,118701.43
11845,119208.61
3536,167774.41
15856,222181.17
14071,161164.7
9316,290633.32
14916,154388.24
15912,299768.91
15115,223161.29
4871,210161.98
2106,209489.55
1685,117239.18
14180,164446.26
15431,139004.66
12365,177623.78
980,182868.89
3847,234148.4
8151,237874.38
190,193845.23
12116,370182.25
11295,290095.81
7989,148357.67
3156,329246.41
2990,141438.69
2262,363115.88
16435,201670.39
2427,167457.66
9438,155679.35
13252,172674.34
208,182303.54
11946,152990.34
4720,161576.32
13250,172387.97
10749,179666.98
12945,220775.78
3586,165807.51
13827,70905.28
13095,182005.77
11491,310890.79
12042,192323.91
9234,183383.66
3270,207483.12
8058,193576.31
15371,308374.31
856,174307.08
4929,155551.44
14199,112027.18
9835,183578.0
4816,312130.75
16422,209651.05
16617,247213.82
6113,199632.64
12320,237288.99
3346,150101.38
9485,244885.77
14335,342720.74
1990,214425.67
9667,174052.54
3637,197239.96
13094,160983.99
13691,109173.75
230,253193.51
6658,146187.28
4375,410051.5
16730,204684.55
11770,162936.25
10823,127203.63
8352,175905.72
15149,227084.02
11124,343070.21
7338,112635.63
15862,276905.39
14101,186180.98
1972,338351.68
12053,150707.81
12513,201987.7
4669,153704.67
3913,206013.86
12529,192547.6
3648,168727.04
4408,145253.13
9167,201892.31
3894,135803.49
8412,189669.6
8451,216304.23
4612,197562.77
15765,171872.47
5787,141809.85
13074,145508.3
10643,203370.68
4019,256053.01
14307,237657.35
12432,189490.14
14013,179445.77
14382,201962.81
15220,129843.02
11958,456441.91
11430,202491.65
9782,167860.05
7603,197018.44
7240,164061.81
5319,139927.43
3598,395017.86
15090,209801.15
8152,127932.75
11797,79213.21
15567,230806.88
3520,179569.43
13945,215986.3
2114,293440.68
3967,242705.33
6765,124766.3
11453,265314.48
13837,162433.6
1257,230104.27
8911,176503.65
2291,405061.62
3691,181949.28
15748,335083.4
13305,394837.0
16283,150674.48
16248,390774.29
11877,195540.71
2444,136654.46
641,203711.0
7344,180454.29
51,241667.86
6187,374285.58
11475,146191.75
13374,274042.86
8498,206256.49
10255,268329.94
12314,211874.17
11525,193053.65
14595,210816.55
11787,135612.36
8321,285659.11
14869,156478.49
10637,289762.56
2184,197318.18
16789,257367.37
10808,186714.13
615,181007.23
6096,192346.52
10966,177316.19
11291,154804.8
1338,162997.2
16217,402068.21
14540,208661.69
15581,157240.58
8689,345065.42
4538,187859.76
6877,134190.83
326,168355.83
2088,97958.58
9136,182695.87
7197,217473.24
12504,164162.48
9236,199719.22
9386,444880.06
6853,165050.55
1006,187858.18
6669,319810.29
7769,270527.25
10623,188089.39
8975,113497.01
998,197964.07
10281,195060.35
15565,141114.59
16072,304745.81
9851,141272.14
8841,109722.92
15206,152901.47
16677,148727.18
1957,183785.28
917,309227.52
16152,225348.14
4651,323079.13
9602,299401.3
1028,302813.0
2267,200171.66
16525,79340.26
4872,244733.57
6246,188124.83
5801,164708.95
3873,185742.16
971,157112.3
11640,135775.96
16531,203747.66
417,158179.36
9932,143625.23
5692,375090.35
11152,259936.73
2725,248161.83
4016,223416.07
3834,401156.28
1681,183302.86
9331,235328.51
14015,179346.35
14548,224268.96
7514,276155.38
11384,200185.46
16230,199490.41
13079,169455.44
7107,151859.77
15180,338751.59
8948,164385.69
1622,165074.62
14671,369897.5
15984,226593.16
8546,141517.92
7581,217083.62
13303,403015.28
16256,416221.78
14544,181463.34
11498,181843.45
6287,183676.64
8578,233097.07
4896,186395.87
15795,152891.76
8267,127764.25
6445,273003.22
1829,150909.82
1907,88917.66
7021,198177.61
7460,276879.01
16611,150004.14
9033,145275.76
3344,166051.73
13751,196845.4
9665,159564.6
14298,125746.99
10375,208789.29
14986,229717.83
6904,189114.74
6456,174215.34
8227,174077.36
3523,251063.85
13842,106518.65
13900,217945.01
6274,118260.91
6011,322840.77
990,174208.15
11589,265729.72
15016,181963.91
13281,200171.26
16301,182181.0
6175,277524.07
9820,109547.98
12024,149995.19
2535,145933.32
14486,407863.23
9973,217181.7
153,245102.13
16215,176892.11
102,151517.52
9888,362602.56
4285,196747.87
4330,138020.62
10156,312493.93
10601,146043.89
11519,412200.26
113,172072.76
11705,178717.4
8167,183941.89
4047,440811.2
2443,151839.39
9232,270524.56
12615,167644.42
11742,216931.39
947,266933.48
15412,82501.14
13365,311626.27
7432,122669.9
52,294897.65
3177,186839.25
16228,352932.86
9416,197697.49
4429,167190.4
6330,326002.44
6866,175408.21
13494,202679.81
7819,192032.71
5873,164115.35
4963,237052.93
11573,134525.77
10150,350170.98
14793,148185.39
12873,186133.94
15243,282076.74
4821,294726.28
11709,281659.57
9596,161698.53
8197,133702.53
9519,206506.06
5796,181526.24
2812,363355.66
10616,228596.13
3382,169535.79
11890,205537.76
13069,180916.04
10158,205792.84
8252,203839.13
8834,169056.68
14676,141731.52
13060,252282.0
10379,183109.66
16138,380625.11
3912,145823.03
5722,184405.02
11004,281189.85
